Brottsförebyggande rådet,info@bra.se,www.bra.se
Rikspolisstyrelsen,mailto:rikspolisstyrelsen@polisen.se,www.polisen.se
Säkerhetspolisen,sakerhetspolisen@sakerhetspolisen.se,www.sakerhetspolisen.se
Åklagarmyndigheten,registrator@aklagare.se,www.aklagare.se
Kriminalvården,hk@kriminalvarden.se,www.kriminalvarden.se
Försvarets materielverk,registrator@fmv.se,www.fmv.se
Försvarets radioanstalt,fra@fra.se,www.fra.se
Statens försvarshistoriska museer,info@sfhm.se,www.sfhm.se
Socialstyrelsen,socialstyrelsen@socialstyrelsen.se,www.socialstyrelsen.se
Sjöfartsverket,mailto:hk@sjofartsverket.se,www.sjofartsverket.se
Sveriges meteorologiska och hydrologiska institut,smhi@smhi.se,www.smhi.se
Statens väg- och transportforskningsinstitut,vti@vti.se,www.vti.se
Statens geotekniska institut,sgi@swedgeo.se,www.swedgeo.se
Luftfartsverket,lfv@lfv.se,www.lfv.se
Kammarkollegiet,registratur@kammarkollegiet.se,www.kammarkollegiet.se
Statistiska centralbyrån,scb@scb.se,www.scb.se
Konjunkturinstitutet,ki@konj.se,www.konj.se
Statskontoret,registrator@statskontoret.se,www.statskontoret.se
Statens tjänstepensionsverk,spv@spv.se,www.spv.se
Tullverket,tullverket@tullverket.se,www.tullverket.se
Riksarkivet,riksarkivet@riksarkivet.se,www.statensarkiv.se/ra
Institutet för språk och folkminnen,registrator@sofi.se,www.sofi.se
Riksantikvarieämbetet,riksant@raa.se,www.raa.se
Nationalmuseum med Prins Eugens Waldemarsudde,registrator@nationalmuseum.se,www.nationalmuseum.se
Naturhistoriska riksmuseet,myndigheten@nrm.se,www.nrm.se
Statens maritima museer,registrator@maritima.se,www.maritima.se
Ungdomsstyrelsen,info@ungdomsstyrelsen.se,www.ungdomsstyrelsen.se
Konstfack,registrator@konstfack.se,www.konstfack.se
Kungliga Musikhögskolan i Stockholm,info@kmh.se,www.kmh.se
Statens kulturråd,kulturradet@kulturradet.se,www.kulturradet.se
Dans- och cirkushögskolan,registrator@doch.se,www.danshogskolan.se
Kungliga biblioteket,kungl.biblioteket@kb.se,www.kb.se
Centrala studiestödsnämnden,registrator@csn.se,www.csn.se
Livsmedelsverket,livsmedelsverket@slv.se,www.slv.se
Statens veterinärmedicinska anstalt,sva@sva.se,www.sva.se
Naturvårdsverket,registrator@naturvardsverket.se,www.naturvardsverket.se
Kommerskollegium,registrator@kommers.se,www.kommers.se
Konsumentverket,konsumentverket@konsumentverket.se,www.konsumentverket.se
Patent- och registreringsverket,prv@prv.se,www.prv.se
Exportkreditnämnden,info@ekn.se,www.ekn.se
Arbetsförmedlingen,registrator@arbetsformedlingen.se,www.arbetsformedlingen.se
Arbetsmiljöverket,arbetsmiljoverket@av.se,www.av.se
Migrationsverket,migrationsverket@migrationsverket.se,www.migrationsverket.se
Länsstyrelsen i Stockholms län,stockholm@lansstyrelsen.se,www.ab.lst.se
Länsstyrelsen i Uppsala län,uppsala@lansstyrelsen.se,www.lansstyrelsen.se/uppsala
Länsstyrelsen i Södermanlands län,sodermanland@lansstyrelsen.se,www.d.lst.se
Länsstyrelsen i Östergötlands län,ostergotland@lansstyrelsen.se,www.lansstyrelsen.se/ostergotland
Länsstyrelsen i Jönköpings län,jonkoping@lansstyrelsen.se,www.lansstyrelsen.se/jonkoping
Länsstyrelsen i Kronobergs län,kronoberg@lansstyrelsen.se,www.lansstyrelsen.se/skane
Länsstyrelsen i Kalmar län,kalmar@lansstyrelsen.se,www.lansstyrelsen.se/kalmar
Länsstyrelsen i Gotlands län,gotland@lansstyrelsen.se,www.lansstyrelsen.se/gotland
Länsstyrelsen i Blekinge län,blekinge@lansstyrelsen.se,www.lansstyrelsen.se/blekinge
Länsstyrelsen i Skåne län,skane@lansstyrelsen.se,www.lansstyrelsen.se/skane
Länsstyrelsen i Hallands län,halland@lansstyrelsen.se,www.lansstyrelsen.se/halland
Länsstyrelsen i Västra Götalands län,vastragotaland@lansstyrelsen.se,www.lansstyrelsen.se/vastragotaland
Länsstyrelsen i Värmlands län,varmland@lansstyrelsen.se,www.lansstyrelsen.se/varmland
Länsstyrelsen i Örebro län,orebro@lansstyrelsen.se,www.lansstyrelsen.se/orebro
Länsstyrelsen i Västmanlands län,vastmanland@lansstyrelsen.se,www.lansstyrelsen.se/vastmanland
Länsstyrelsen i Dalarnas län,dalarna@lansstyrelsen.se,www.w.lst.se
Länsstyrelsen i Gävleborgs län,gavleborg@lansstyrelsen.se,www.lansstyrelsen.se/gavleborg
Länsstyrelsen i Västernorrlands län,vasternorrland@lansstyrelsen.se,www.y.lst.se
Länsstyrelsen i Jämtlands län,jamtland@lansstyrelsen.se,www.lansstyrelsen.se/jamtland
Länsstyrelsen i Västerbottens län,vasterbotten@lanstyrelsen.se,www.ac.lst.se
Länsstyrelsen i Norrbottens län,Norrbotten@lansstyrelsen.se,www.bd.lst.se
Sveriges geologiska undersökning,sgu@sgu.se,www.sgu.se
Riksdagsförvaltningen,mailto:registrator.riksdagsforvaltningen@riksdagen.se,www.riksdagen.se
Riksgäldskontoret,riksgalden@riksgalden,www.riksgalden.se
Riksdagens ombudsmän JO,mailto:justitieombudsmannen@jo.se,www.jo.se
Domstolsverket,mailto:domstolsverket@dom.se,www.dom.se
Sveriges lantbruksuniversitet,registrator@slu.se,www.slu.se
Luleå tekniska universitet,registrator@ltu.se,www.ltu.se
Umeå universitet,umea.universitet@umea.se,www.umu.se
Högskolan i Gävle,registrator@hig.se,www.hig.se
Högskolan Dalarna,registrator@du.se,www.du.se
Mälardalens högskola,info@mdh.se,www.mdh.se
Örebro universitet,registrator@oru.se,www.oru.se
Uppsala universitet,registrator@uu.se,www.uu.se
Kungliga Konsthögskolan,info@kkh.se,www.kkh.se
Operahögskolan i Stockholm,registrator@operahogskolan.se,www.operahogskolan.se
Karolinska institutet,info@ki.se,www.ki.se
Kungliga Tekniska högskolan                         ,registrator@kth.se,www.kth.se
Stockholms universitet,registrator@su.se,www.su.se
Linköpings universitet,liu@liu.se,www.liu.se
Karlstads universitet,information@kau.se,www.kau.se
Högskolan i Borås,registrator@hb.se,www.hb.se
Högskolan i Skövde,info@his.se,www.his.se
Göteborgs universitet,mailto:registrator@gu.se,www.gu.se
Högskolan Kristianstad,info@hkr.se,www.hkr.se
Högskolan i Halmstad,registrator@hh.se,www.hh.se
Lunds universitet,univer@luniver.lu.se,www.lu.se
Arbetsgivarverket,agv@arbetsgivarverket.se,www.arbetsgivarverket.se
Kungliga hov- och slottsstaten,registrator@riksrevisionen.se,www.riksrevisionen.se
Institutet för rymdfysik,mailto:irf@irf.se,www.irf.se
Talboks- och punktskriftsbiblioteket,info@tpb.se,www.tpb.se
Statens musikverk,registrator@smus.se,www.smus.se
Styrelsen för ackreditering och teknisk kontroll,registrator@swedac.se,www.swedac.se
Regeringskansliet,registrator@primeminister.ministry.se,www.regeringen.se
Kemikalieinspektionen,kemi@kemi.se,www.kemi.se
Boverket,registraturen@boverket.se,www.boverket.se
Kustbevakningen,registrator@kustbevakningen.se,www.kustbevakningen.se
Blekinge tekniska högskola,registrator@bth.se,www.bth.se
Högskolan Väst,registrator@hv.se,www.hv.se
Läkemedelsverket,registrator@mpa.se,www.lakemedelsverket.se
Statens jordbruksverk,jordbruksverket@jordbruksverket.se,www.sjv.se
Statens skolverk,skolverket@skolverket.se,www.skolverket.se
Rättsmedicinalverket,rmv@rmv.se,www.rmv.se
Finansinspektionen,finansinspektionen@fi.se,www.fi.se
Affärsverket svenska kraftnät,registrator@svk.se,www.svk.se
Gymnastik- och idrottshögskolan,registrator@gih.se,www.gih.se
Konkurrensverket,konkurrensverket@kkv.se,www.konkurrensverket.se
Post- och telestyrelsen,pts@pts.se,www.pts.se
Verket för högskoleservice,registrator@vhs.se,www.vhs.se
Statens folkhälsoinstitut,info@fhi.se,www.fhi.se
Statens fastighetsverk,sfv@sfv.se,www.sfv.se
Statens institutionsstyrelse,registrator@stat-inst.se,www.stat-inst.se
Mittuniversitetet,registrator@miun.se,www.miun.se
Smittskyddsinstitutet,smi@smi.se,www.smittskyddsinstitutet.se
Fortifikationsverket,fortv@fortv.se,www.fortv.se
Försvarsmakten,exp-hkv@mil.se,www.forsvarsmakten.se
Sameskolstyrelsen,sameskolstyrelsen@sameskolstyrelsen.se,www.sameskolstyrelsen.se
Försvarshögskolan,exp@fhs.se,www.fhs.se
Totalförsvarets rekryteringsmyndighet,exp@rekryteringsmyndigheten.se,www.pliktverket.se
Styrelsen för internationellt utvecklingssamarbete,sida@sida.se,www.sida.se
Högskoleverket,hsv@hsv.se,www.hsv.se
Internationella programkontoret för utbildningsområdet,info@programkontoret.se,www.programkontoret.se
Myndigheten för utländska investeringar i Sverige,info@investsweden.se,www.isa.se
Lantmäteriet,lantmateriet@lm.se,www.lantmateriet.se
Södertörns högskola,registrator@sh.se,webappl.web.sh.se
Malmö högskola,info@mah.se,www.mah.se
Statens historiska museer,registrator@historiska.se,www.historiska.se
Svenska institutet,si@si.se,www.si.se
Ekobrottsmyndigheten,huvudregistrator@ekobrottsmyndigheten.se,www.ekobrottsmyndigheten.se
Högskolan på Gotland,info@hgo.se,www.hgo.se
Statens energimyndighet,registrator@energimyndigheten.se,www.energimyndigheten.se
Ekonomistyrningsverket,registrator@esv.se,www.esv.se
Statens museer för världskultur,info@smvk.se,www.smvk.se
Moderna museet,info@modernamuseet.se,www.modernamuseet.se
Totalförsvarets forskningsinstitut,registrator@foi.se,www.foi.se
Vetenskapsrådet,vetenskapsradet@vr.se,www.vr.se
Verket för innovationssystem,vinnova@vinnova.se,www.vinnova.se
Rådet för Europeiska socialfonden i Sverige,centrala-enheten@esf.se,www.esf.se
Tandvårds- och läkemedelsförmånsverket,registrator@tlv.se,www.lfn.se
Folke Bernadotteakademin,info@folkebernadotteacademy.se,www.folkebernadotteacademy.se
Inspektionen för arbetslöshetsförsäkringen,iaf@iaf.se,www.iaf.se
Riksrevisionen,mailto:registrator@riksrevisionen.se,www.riksrevisionen.se
Skatteverket,huvudkontoret@skatteverket.se,www.skatteverket.se
Bolagsverket,bolagsverket@bolagsverket.se,www.bolagsverket.se
Försäkringskassan,fk-hk.stockholm@fk01.sfa.se,www.forsakringskassan.se
Skogsstyrelsen,skogsstyrelsen@skogsstyrelsen.se,www.svo.se
Kronofogdemyndigheten,kronofogdemyndigheten@kronofogden.se,www.kronofogden.se
Energimarknadsinspektionen,registrator@ei.se,www.energimarknadsinspektionen.se
Strålsäkerhetsmyndigheten,registrator@ssm.se,www.stralsakerhetsmyndigheten.se 
Specialpedagogiska skolmyndigheten,spsm@spsm.se,www.spsm.se
Myndigheten för samhällsskydd och beredskap,registrator@msbmyndigheten.se,www.msbmyndigheten.se
Statens skolinspektion,skolinspektionen@skolinspektionen.se,www.skolinspektionen.se
Diskrimineringsombudsmannen,do@do.se,www.do.se
Transportstyrelsen,kontakt@transportstyrelsen.se,www.transportstyrelsen.se
Tillväxtverket,tillvaxtverket@tillvaxtverket.se,www.tillvaxtverket.se
Myndigheten för tillväxtpolitiska utvärderingar och analyser,info@tillvaxtanalys.se,www.tillvaxtanalys.se
Myndigheten för yrkeshögskolan,info@yhmyndigheten.se,www.yhmyndigheten.se
Pensionsmyndigheten,registrator@ppm.nu,www.pensionsmyndigheten.se
Linnéuniversitetet,info@lnu.se,www.linneuniversitetet.se
Trafikverket,trafikverket@trafikverket.se,www.trafikverket.se
Stockholms dramatiska högskola,mailto:info@stdh.se,www.stdh.se
Havs- och vattenmyndigheten,havochvatten@havochvatten.se,www.havochvatten.se
Statens servicecenter,registrator@statenssc.se,www.statenssc.se
Upplands Väsby kommun,upplands.vasby.kommun@upplandsvasby.se,http://www.upplandsvasby.se
Vallentuna kommun,kommun@vallentuna.se,http://www.vallentuna.se
Österåkers kommun,kommun@osteraker.se,http://www.osteraker.se
Värmdö kommun,varmdo.kommun@varmdo.se,http://www.varmdo.se
Järfälla kommun,jarfalla.kommun@jarfalla.se,http://www.jarfalla.se
Ekerö kommun,kommunstyrelsen@ekero.se,http://www.ekero.se
Huddinge kommun,huddinge@huddinge.se,http://www.huddinge.se
Botkyrka kommun,kommun@botkyrka.se,http://www.botkyrka.se
Salems kommun,info@salem.se,http://www.salem.se
Haninge kommun,haningekommun@haninge.se,http://www.haninge.se
Tyresö kommun,kommun@tyreso.se,http://www.tyreso.se
Upplands-Bro kommun,upplands-bro.kommun@upplands-bro.se,http://www.upplands-bro.se
Nykvarns kommun,kommun@nykvarn.se,http://www.nykvarn.se
Täby kommun,tabykommun@taby.se,http://www.taby.se
Danderyds kommun,kommunen@danderyd.se,http://www.danderyd.se
Sollentuna kommun,sollentuna.kommun@sollentuna.se,http://www.sollentuna.se
Stockholms stad,kommunstyrelsen@stockholm.se,http://www.stockholm.se
Södertälje kommun,sodertalje.kommun@sodertalje.se,http://www.sodertalje.se
Nacka kommun,info@nacka.se,http://www.nacka.se
Sundbybergs stad,kommunstyrelsen@sundbyberg.se,http://www.sundbyberg.se
Solna stad,kommunstyrelsen@solna.se,http://www.solna.se
Lidingö stad,lidingo.stad@lidingo.se,http://www.lidingo.se
Vaxholms stad,kansliet@vaxholm.se,http://www.vaxholm.se
Norrtälje kommun,norrtalje.kommun@norrtalje.se,http://www.norrtalje.se
Sigtuna kommun,sigtuna.kommun@sigtuna.se,http://www.sigtuna.se
Nynäshamns kommun,kommunstyrelsen@nynashamn.se,http://www.nynashamn.se
Håbo kommun,kommun@habo.se,http://www.habo.se
Älvkarleby kommun,kommun@alvkarleby.se,http://www.alvkarleby.se
Knivsta kommun,knivsta@knivsta.se,http://www.knivsta.se
Heby kommun,information@heby.se,http://www.heby.se
Tierps kommun,kommunstyrelsen@tierp.se,http://www.tierp.se
Uppsala kommun,uppsala.kommun@uppsala.se,http://www.uppsala.se
Enköpings kommun,kommunstyrelsekontor@enkoping.se,http://www.enkoping.se
Östhammars kommun,kommunen@osthammar.se,http://www.osthammar.se
Vingåkers kommun,kommunstyrelsen@vingaker.se,http://www.vingaker.se
Gnesta kommun,gnesta.kommun@gnesta.se,http://www.gnesta.se
Nyköpings kommun,kommun@nykoping.se,http://www.nykoping.se
Oxelösunds kommun,kommun@oxelosund.se,http://www.oxelosund.se
Flens kommun,flenskommun@flen.se,http://www.flen.se
Katrineholms kommun,kommunledningsforvaltning@katrineholm.se,http://www.katrineholm.se
Eskilstuna kommun,eskilstuna.kommun@eskilstuna.se,http://eskilstuna.se/
Strängnäs kommun,kommunstyrelsen@strangnas.se,http://www.strangnas.se
Trosa kommun,trosa@trosa.se,http://www.trosa.se
Ödeshögs kommun,kommun@odeshog.se,http://www.odeshog.se
Ydre kommun,ydre.kommun@ydre.se,http://www.ydre.se
Kinda kommun,kinda@kinda.se,http://www.kinda.se
Boxholms kommun,kommun@boxholm.se,http://www.boxholm.se
Åtvidabergs kommun,kommun@atvidaberg.se,http://www.atvidaberg.se
Finspångs kommun,kommun@finspang.se,http://www.finspang.se
Valdemarsviks kommun,kommun@valdemarsvik.se,http://www.valdemarsvik.se
Linköpings kommun,kommun@linkoping.se,http://www.linkoping.se
Norrköpings kommun,norrkoping.kommun@norrkoping.se,http://www.norrkoping.se
Söderköpings kommun,kommun@soderkoping.se,http://www.soderkoping.se
Motala kommun,motala.kommun@motala.se,http://www.motala.se
Vadstena kommun,vadstena.kommun@vadstena.se,http://www.vadstena.se
Mjölby kommun,kommunstyrelsen@mjolby.se,http://www.mjolby.se
Aneby kommun,aneby.kommun@aneby.se,http://www.aneby.se
Gnosjö kommun,kommun@gnosjo.se,http://www.gnosjo.se
Mullsjö kommun,kommun@mullsjo.se,http://www.mullsjo.se
Habo kommun,info@habokommun.se,http://www.habokommun.se
Gislaveds kommun,kommunen@gislaved.se,http://www.gislaved.se
Vaggeryds kommun,kommunstyrelsen@vaggeryd.se,http://www.vaggeryd.se
Jönköpings kommun,kommunstyrelse@jonkoping.se,http://www.jonkoping.se
Nässjö kommun,kommunstyrelsen@nassjo.se,http://www.nassjo.se
Värnamo kommun,kommunen@varnamo.se,http://www.varnamo.se
Sävsjö kommun,kommun@savsjo.se,http://www.savsjo.se
Vetlanda kommun,kommun@vetlanda.se,http://www.vetlanda.se
Eksjö kommun,kommun@eksjo.se,http://www.eksjo.se
Tranås kommun,tranaskommun@tranas.se,http://www.tranas.se
Uppvidinge kommun,ledningskontoret@uppvidinge.se,http://www.uppvidinge.se
Lessebo kommun,kommunstyrelsen@kommun.lessebo.se,http://www.lessebo.se
Tingsryds kommun,kommunen@tingsryd.se,http://www.tingsryd.se
Alvesta kommun,klk@alvesta.se,http://www.alvesta.se
Älmhults kommun,info@almhult.se,http://www.almhult.se
Markaryds kommun,ks@markaryd.se,http://www.markaryd.se
Växjö kommun,kommunstyrelsen@vaxjo.se,http://www.vaxjo.se
Ljungby kommun,kommunstyrelsen@ljungby.se,http://www.ljungby.se
Högsby kommun,kommunkontoret@hogsby.se,http://www.hogsby.se
Torsås kommun,info@torsas.se,http://www.torsas.se
Mörbylånga kommun,kommun@morbylanga.se,http://www.morbylanga.se
Hultsfreds kommun,kommunen@hultsfred.se,http://www.hultsfred.se
Mönsterås kommun,kommun@monsteras.se,http://www.monsteras.se
Emmaboda kommun,kommunen@emmaboda.se,http://www.emmaboda.se
Kalmar kommun,kommun@kalmar.se,http://www.kalmar.se
Nybro kommun,kommun@nybro.se,http://www.nybro.se
Oskarshamns kommun,kommunen@oskarshamn.se,http://www.oskarshamn.se
Västerviks kommun,vasterviks.kommun@vastervik.se,http://www.vastervik.se
Vimmerby kommun,kommun@vimmerby.se,http://www.vimmerby.se
Borgholms kommun,kommun@borgholm.se,http://www.borgholm.se
Region Gotland,regiongotland@gotland.se,http://www.gotland.se
Olofströms kommun,ks@olofstrom.se,http://www.olofstrom.se
Karlskrona kommun,karlskrona.kommun@karlskrona.se,http://www.karlskrona.se
Ronneby kommun,stadshuset@ronneby.se,http://www.ronneby.se
Karlshamns kommun,info@karlshamn.se,http://www.karlshamn.se
Sölvesborgs kommun,info@solvesborg.se,http://www.solvesborg.se
Svalövs kommun,info@svalov.se,http://www.svalov.se
Staffanstorps kommun,kommunen@staffanstorp.se,http://www.staffanstorp.se
Burlövs kommun,burlovs.kommun@burlov.se,http://www.burlov.se
Vellinge kommun,vellinge.kommun@vellinge.se,http://www.vellinge.se
Östra Göinge kommun,kommun@ostragoinge.se,http://www.ostragoinge.se
Örkelljunga kommun,kommunkontor@orkelljunga.se,http://www.orkelljunga.se
Bjuvs kommun,info@bjuv.se,http://www.bjuv.se
Kävlinge kommun,kommunen@kavlinge.se,http://www.kavlinge.se
Lomma kommun,kommunstyrelsen@lomma.se,http://www.lomma.se
Svedala kommun,kommunen@svedala.se,http://www.svedala.se
Skurups kommun,kansli@skurup.se,http://www.skurup.se
Sjöbo kommun,kanslihuset@sjobo.se,http://www.sjobo.se
Hörby kommun,kommunen@horby.se,http://www.horby.se
Höörs kommun,kommun@hoor.se,http://www.hoor.se
Tomelilla kommun,kommun@tomelilla.se,http://www.tomelilla.se
Bromölla kommun,kommunstyrelsen@bromolla.se,http://www.bromolla.se
Osby kommun,kommun@osby.se,http://www.osby.se
Perstorps kommun,kommunhuset@perstorp.se,http://www.perstorp.se
Klippans kommun,kommun@klippan.se,http://www.klippan.se
Åstorps kommun,kommun@astorp.se,http://www.astorp.se
Båstads kommun,bastads.kommun@bastad.se,http://www.bastad.se
Malmö stad,kommunstyrelsen@malmo.se,http://www.malmo.se
Lunds kommun,lunds.kommun@lund.se,http://www.lund.se
Landskrona stad,kommun@landskrona.se,http://www.landskrona.se
Helsingborgs stad,helsingborg@helsingborg.se,http://www.helsingborg.se
Höganäs kommun,kommunen@hoganas.se,http://www.hoganas.se
Eslövs kommun,kommunstyrelsen@eslov.se,http://www.eslov.se
Ystads kommun,kommunen@ystad.se,http://www.ystad.se
Trelleborgs kommun,trelleborgs.kommun@trelleborg.se,http://www.trelleborg.se
Kristianstads kommun,info@kristianstad.se,http://www.kristianstad.se
Simrishamns kommun,kommunledningskontoret@simrishamn.se,http://www.simrishamn.se
Ängelholms kommun,info@engelholm.se,http://www.engelholm.se
Hässleholms kommun,kommunen@hassleholm.se,http://www.hassleholm.se
Hylte kommun,kommunen@hylte.se,http://www.hylte.se
Halmstads kommun,halmstad.kommun@halmstad.se,http://www.halmstad.se
Laholms kommun,kommun@laholm.se,http://www.laholm.se
Falkenbergs kommun,kommun@falkenberg.se,http://www.falkenberg.se
Varbergs kommun,ks@kommunen.varberg.se,http://www.varberg.se
Kungsbacka kommun,kommun@kungsbacka.se,http://www.kungsbacka.se
Härryda kommun,kommun@harryda.se,http://www.harryda.se
Partille kommun,partille.kommun@partille.se,http://www.partille.se
Öckerö kommun,kommun@ockero.se,http://www.ockero.se
Stenungsunds kommun,kommun@stenungsund.se,http://www.stenungsund.se
Tjörns kommun,kommun@tjorn.se,http://www.tjorn.se
Orust kommun,orustkommun@orust.se,http://www.orust.se
Sotenäs kommun,info@sotenas.se,http://www.sotenas.se
Munkedals kommun,munkedal.kommun@munkedal.se,http://www.munkedal.se
Tanums kommun,ks.diarium@tanum.se,http://www.tanum.se
Dals-Eds kommun,kommunstyrelsen@dalsed.se,http://www.dalsed.se
Färgelanda kommun,kommun@fargelanda.se,http://www.fargelanda.se
Ale kommun,kommun@ale.se,http://www.ale.se
Lerums kommun,lerums.kommun@lerum.se,http://www.lerum.se
Vårgårda kommun,kommunen@vargarda.se,http://www.vargarda.se
Bollebygds kommun,kommunen@bollebygd.se,http://www.bollebygd.se
Grästorps kommun,kommun@grastorp.se,http://www.grastorp.se
Essunga kommun,kommun@essunga.se,http://www.essunga.se
Karlsborgs kommun,karlsborg.kommun@karlsborg.se,http://www.karlsborg.se
Gullspångs kommun,kommun@gullspang.se,http://www.gullspang.se
Tranemo kommun,kommun@tranemo.se,http://www.tranemo.se
Bengtsfors kommun,kommun@bengtsfors.se,http://www.bengtsfors.se
Melleruds kommun,kommunen@mellerud.se,http://www.mellerud.se
Lilla Edets kommun,kommunen@lillaedet.se,http://www.lillaedet.se
Marks kommun,markskommun@mark.se,http://www.mark.se
Svenljunga kommun,kansliet@svenljunga.se,http://www.svenljunga.se
Herrljunga kommun,herrljunga.kommun@admin.herrljunga.se,http://www.herrljunga.se
Vara kommun,vara.kommun@vara.se,http://www.vara.se
Götene kommun,gotene.kommun@gotene.se,http://www.gotene.se
Tibro kommun,kommun@tibro.se,http://www.tibro.se
Töreboda kommun,kommunen@toreboda.se,http://www.toreboda.se
Göteborgs stad,stadsledningskontoret@stadshuset.goteborg.se,http://www.goteborg.se
Mölndals stad,stad@molndal.se,http://www.molndal.se
Kungälvs kommun,kommun@kungalv.se,http://www.kungalv.se
Lysekils kommun,registrator@lysekil.se,http://www.lysekil.se
Uddevalla kommun,kommunen@uddevalla.se,http://www.uddevalla.se
Strömstads kommun,kommun@stromstad.se,http://www.stromstad.se
Vänersborgs kommun,kommun@vanersborg.se,http://www.vanersborg.se
Trollhättans stad,trollhattans.stad@trollhattan.se,http://www.trollhattan.se
Alingsås kommun,kommunstyrelsen@alingsas.se,http://www.alingsas.se
Borås stad,boras.stad@boras.se,http://www.boras.se
Ulricehamns kommun,kommun@ulricehamn.se,http://www.ulricehamn.se
Åmåls kommun,kommun@amal.se,http://www.amal.se
Mariestads kommun,info@mariestad.se,http://www.mariestad.se
Lidköpings kommun,kommun@lidkoping.se,http://www.lidkoping.se
Skara kommun,skara.kommun@skara.se,http://www.skara.se
Skövde kommun,kommunstyrelsen@skovde.se,http://www.skovde.se
Hjo kommun,kommunen@hjo.se,http://www.hjo.se
Tidaholms kommun,tidaholms.kommun@tidaholm.se,http://www.tidaholm.se
Falköpings kommun,kommunen@falkoping.se,http://www.falkoping.se
Kils kommun,kommun@kil.se,http://www.kil.se
Eda kommun,kommun@eda.se,http://www.eda.se
Torsby kommun,torsby.kommun@torsby.se,http://www.torsby.se
Storfors kommun,storfors.kommun@storfors.se,http://www.storfors.se
Hammarö kommun,hammaro@hammaro.se,http://www.hammaro.se
Munkfors kommun,munkfors.kommun@munkfors.se,http://www.munkfors.se
Forshaga kommun,kommun@forshaga.se,http://www.forshaga.se
Grums kommun,kommunstyrelse@grums.se,http://www.grums.se
Årjängs kommun,kommun@arjang.se,http://www.arjang.se
Sunne kommun,kommun.kansli@sunne.se,http://www.sunne.se
Karlstads kommun,karlstadskommun@karlstad.se,http://www.karlstad.se
Kristinehamns kommun,kommunen@kristinehamn.se,http://www.kristinehamn.se
Filipstads kommun,kommun@filipstad.se,http://www.filipstad.se
Hagfors kommun,kommun@hagfors.se,http://www.hagfors.se
Arvika kommun,arvika.kommun@arvika.se,http://www.arvika.se
Säffle kommun,kommun@saffle.se,http://www.saffle.se
Lekebergs kommun,lekebergs.kommun@lekeberg.se,http://www.lekeberg.se
Laxå kommun,kommun@laxa.se,http://www.laxa.se
Hallsbergs kommun,kommun@hallsberg.se,http://www.hallsberg.se
Degerfors kommun,kommun@degerfors.se,http://www.degerfors.se
Hällefors kommun,kommun@hellefors.se,http://www.hellefors.se
Ljusnarsbergs kommun,kommun@ljusnarsberg.se,http://www.ljusnarsberg.se
Örebro kommun,kommun@orebro.se,http://www.orebro.se
Kumla kommun,kommun@kumla.se,http://www.kumla.se
Askersunds kommun,kommun@askersund.se,http://www.askersund.se
Karlskoga kommun,kommun@karlskoga.se,http://www.karlskoga.se
Nora kommun,nora.kommun@nora.se,http://www.nora.se
Lindesbergs kommun,kommun@lindesberg.se,http://www.lindesberg.se
Skinnskattebergs kommun,kommun@skinnskatteberg.se,http://www.skinnskatteberg.se
Surahammars kommun,kommunen@surahammar.se,http://www.surahammar.se
Kungsörs kommun,info@kungsor.se,http://www.kungsor.se
Hallstahammars kommun,kommun@hallstahammar.se,http://www.hallstahammar.se
Norbergs kommun,info@norberg.se,http://www.norberg.se
Västerås stad,info@vasteras.se,http://www.vasteras.se
Sala kommun,kommun.info@sala.se,http://www.sala.se
Fagersta kommun,info@fagersta.se,http://www.fagersta.se
Köpings kommun,kopings.kommun@koping.se,http://www.koping.se
Arboga kommun,arboga.kommun@arboga.se,http://www.arboga.se
Vansbro kommun,vansbro.kommun@vansbro.se,http://www.vansbro.se
Malung-Sälens kommun,kommun@malung-salen.se,http://www.malung-salen.se
Gagnefs kommun,registrator@gagnef.se,http://www.gagnef.se
Leksands kommun,kommun@leksand.se,http://www.leksand.se
Rättviks kommun,rattvik@rattvik.se,http://www.rattvik.se
Orsa kommun,orsa.kommun@orsa.se,http://www.orsa.se
Älvdalens kommun,kommun@alvdalen.se,http://www.alvdalen.se
Smedjebackens kommun,kommun@smedjebacken.se,http://www.smedjebacken.se
Mora kommun,mora.kommun@mora.se,http://www.mora.se
Falu kommun,info@falun.se,http://www.falun.se
Borlänge kommun,kommun@borlange.se,http://www.borlange.se
Säters kommun,kommun@sater.se,http://www.sater.se
Hedemora kommun,kommun@hedemora.se,http://www.hedemora.se
Avesta kommun,kommun@avesta.se,http://www.avesta.se
Ludvika kommun,info@ludvika.se,http://www.ludvika.se
Ockelbo kommun,kommun@ockelbo.se,http://www.ockelbo.se
Hofors kommun,hofors.kommun@hofors.se,http://www.hofors.se
Ovanåkers kommun,kommun@ovanaker.se,http://www.ovanaker.se
Nordanstigs kommun,kommun@nordanstig.se,http://www.nordanstig.se
Ljusdals kommun,kommun@ljusdal.se,http://www.ljusdal.se
Gävle kommun,gavle.kommun@gavle.se,http://www.gavle.se
Sandvikens kommun,kommun@sandviken.se,http://www.sandviken.se
Söderhamns kommun,kommunstyrelsen@soderhamn.se,http://www.soderhamn.se
Bollnäs kommun,bollnas@bollnas.se,http://www.bollnas.se
Hudiksvalls kommun,kommun@hudiksvall.se,http://www.hudiksvall.se
Ånge kommun,ange@ange.se,http://www.ange.se
Timrå kommun,timra.kommun@timra.se,http://www.timra.se
Härnösands kommun,kommun@harnosand.se,http://www.harnosand.se
Sundsvalls kommun,sundsvalls.kommun@sundsvall.se,http://www.sundsvall.se
Kramfors kommun,kramfors.kommun@kramfors.se,http://www.kramfors.se
Sollefteå kommun,kommun@solleftea.se,http://www.solleftea.se
Örnsköldsviks kommun,kommunen@ornskoldsvik.se,http://www.ornskoldsvik.se
Ragunda kommun,ragunda.kommun@ragunda.se,http://www.ragunda.se
Bräcke kommun,bracke@bracke.se,http://www.bracke.se
Krokoms kommun,krokoms.kommun@krokom.se,http://www.krokom.se
Strömsunds kommun,stromsunds.kommun@stromsund.se,http://www.stromsund.se
Åre kommun,kundtjanst@are.se,http://www.are.se
Bergs kommun,bergs.kommun@berg.se,http://www.berg.se
Härjedalens kommun,kommun@herjedalen.se,http://www.herjedalen.se
Östersunds kommun,kommunstyrelsen@ostersund.se,http://www.ostersund.se
Nordmalings kommun,kommun@nordmaling.se,http://www.nordmaling.se
Bjurholms kommun,kommunen@bjurholm.se,http://www.bjurholm.se
Vindelns kommun,vindelns.kommun@vindeln.se,http://www.vindeln.se
Robertsfors kommun,kommun@robertsfors.se,http://www.robertsfors.se
Norsjö kommun,info@norsjo.se,http://www.norsjo.se
Malå kommun,ks@mala.se,http://www.mala.se
Storumans kommun,ks@storuman.se,http://www.storuman.se
Sorsele kommun,kommun@sorsele.se,http://www.sorsele.se
Dorotea kommun,info@dorotea.se,http://www.dorotea.se
Vännäs kommun,vannas.kommun@vannas.se,http://www.vannas.se
Vilhelmina kommun,vilhelmina.kommun@vilhelmina.se,http://www.vilhelmina.se
Åsele kommun,kommun@asele.se,http://www.asele.se
Umeå kommun,umea.kommun@umea.se,http://www.umea.se
Lycksele kommun,kommun@lycksele.se,http://www.lycksele.se
Skellefteå kommun,stadshuset@skelleftea.se,http://www.skelleftea.se
Arvidsjaurs kommun,kommun@arvidsjaur.se,http://www.arvidsjaur.se
Arjeplogs kommun,arjeplogs.kommun@arjeplog.se,http://www.arjeplog.se
Jokkmokks kommun,kommun@jokkmokk.se,http://www.jokkmokk.se
Överkalix kommun,kommun@overkalix.se,http://www.overkalix.se
Kalix kommun,kommun@kalix.se,http://www.kalix.se
Övertorneå kommun,kommun@overtornea.se,http://www.overtornea.se
Pajala kommun,kommun@pajala.se,http://www.pajala.se
Gällivare kommun,post@gallivare.se,http://www.gellivare.se
Älvsbyns kommun,kommunen@alvsbyn.se,http://www.alvsbyn.se
Luleå kommun,lulea.kommun@lulea.se,http://www.lulea.se
Piteå kommun,kommun@pitea.se,http://www.pitea.se
Bodens kommun,kommunen@boden.se,http://www.boden.se
Haparanda stad,kommun@haparanda.se,http://www.haparanda.se
Kiruna kommun,kommun@kommun.kiruna.se,http://www.kommun.kiruna.se,
LUFTFARTSVERKET,,www.lfv.se
SJÖFARTSVERKET,info@sjofartsverket.se,www.sjofartsverket.se
SVENSKA KRAFTNÄT,svenska.kraftnat@svk.se,www.svk.se
FÖRSTA AP-FONDEN,info@ap1.se,www.ap1.se
ANDRA AP-FONDEN,info@ap2.se,www.ap2.se
TREDJE AP-FONDEN,info@ap3.se,www.ap3.se
FJÄRDE AP-FONDEN,info@ap4.se,www.ap4.se
SJÄTTE AP-FONDEN,reception@apfond6.se,www.apfond6.se
SJUNDE AP-FONDEN,,www.ap7.se
ARBETSDOMSTOLEN,kansliet@arbetsdomstolen.se,www.arbetsdomstolen.se
MARKNADSDOMSTOLEN,mail@marknadsdomstolen.se,www.marknadsdomstolen.se
PANTBESVÄRSRÄTTEN,pbr@pbr.se,www.pbr.se
DOMSTOLSVERKET,domstolsverket@dom.se,www.domstol.se
ALINGSÅS TINGSRÄTT,alingsas.tingsratt@dom.se,www.alingsastingsratt.domstol.se
ATTUNDA TINGSRÄTT,attunda.tingsratt@dom.se,www.attundatingsratt.domstol.se
BLEKINGE TINGSRÄTT,blekinge.tingsratt@dom.se,www.blekingetingsratt.domstol.se
BORÅS TINGSRÄTT,boras.tingsratt@dom.se,www.borastingsratt.domstol.se
EKSJÖ TINGSRÄTT,eksjo.tingsratt@dom.se,www.eksjotingsratt.domstol.se
ESKILSTUNA TINGSRÄTT,eskilstuna.tingsratt@dom.se,www.domstol.se
FALU TINGSRÄTT,falu.tingsratt@dom.se,www.falutingsratt.domstol.se
FÖRVALTNINGSRÄTTEN I FALUN,forvaltningsrattenifalun@dom.se,www.domstol.se
FÖRVALTNINGSRÄTTEN I GÖTEBORG,forvaltningsrattenigoteborg@dom.se,www.lansrattenigoteborg.domstol.se
FÖRVALTNINGSRÄTTEN I HÄRNÖSAND,forvaltningsratteniharnosand@dom.se,www.lansrattenivasternorrland.domstol.se 
FÖRVALTNINGSRÄTTEN I JÖNKÖPING,forvaltningsrattenijonkoping@dom.se,www.lansrattenijonkoping.domstol.se 
FÖRVALTNINGSRÄTTEN I KARLSTAD,forvaltningsrattenikarlstad@dom.se,www.lansrattenivarmland.domstol.se
FÖRVALTNINGSRÄTTEN I LINKÖPING,forvaltningsrattenilinkoping@dom.se,www.domstol.se
FÖRVALTNINGSRÄTTEN I LULEÅ,forvaltningsrattenilulea@dom.se,www.lansratteninorrbotten.domstol.se
FÖRVALTNINGSRÄTTEN I MALMÖ OCH MIGRATIONSDOMSTOL,forvaltningsrattenimalmo@dom.se,www.lansratteniskane.domstol.se
FÖRVALTNINGSRÄTTEN I STOCKHOLM,forvaltningsrattenistockholm@dom.se,www.lansrattenistockholm.domstol.se
FÖRVALTNINGSRÄTTEN I UMEÅ,forvaltningsratteniumea@dom.se,www.domstol.se
FÖRVALTNINGSRÄTTEN I UPPSALA,forvaltningsratteniuppsala@dom.se,www.lansratteniuppsala.domstol.se
FÖRVALTNINGSRÄTTEN I VÄXJÖ,forvaltningsrattenivaxjo@dom.se,www.domstol.se
GOTLANDS TINGSRÄTT,gotlands.tingsratt@dom.se,www.gotlandstingsratt.domstol.se
GÄLLIVARE TINGSRÄTT,gallivare.tingsratt@dom.se,www.domstol.se
GÄVLE TINGSRÄTT,gavle.tingsratt@dom.se,www.gavletingsratt.domstol.se
GÖTA HOVRÄTT,gota.hovratt@dom.se,www.gotahovratt.se
GÖTEBORGS TINGSRÄTT,gbg.tingsratt@dom.se,www.goteborgstingsratt.domstol.se
HALMSTADS TINGSRÄTT,halmstads.tingsratt@dom.se,www.halmstadstingsratt.domstol.se
HAPARANDA TINGSRÄTT,haparanda.tingsratt@dom.se,www.domstol.se
HELSINGBORGS TINGSRÄTT,helsingborgs.tingsratt@dom.se,www.helsingborgstingsratt.domstol.se
HOVRÄTTEN FÖR NEDRE NORRLAND,hovratten.nedrenorrland@dom.se,www.hovrattenfornedrenorrland.se
HOVRÄTTEN FÖR SKÅNE OCH BLEKINGE,hovratten.skaneblekinge@dom.se,www.hovrattenskaneblekinge.domstol.se
HOVRÄTTEN FÖR VÄSTRA SVERIGE,hovratten.vastrasverige@dom.se,www.vastrahovratten.domstol.se
HOVRÄTTEN FÖR ÖVRE NORRLAND,hovratten.ovrenorrland@dom.se,www.hovrattenovrenorrland.domstol.se
HUDIKSVALLS TINGSRÄTT,hudiksvalls.tingsratt@dom.se,www.hudiksvallstingsratt.domstol.se
HYRES OCH ARRENDENÄMNDEN I GÖTEBORG,hyresnamndenigoteborg@dom.se,www.hyresnamnden.se
HYRES OCH ARRENDENÄMNDEN I JÖNKÖPING,hyresnamndenijonkoping@dom.se,www.hyresnamnden.se
HYRES OCH ARRENDENÄMNDEN I LINKÖPING,hyresnamndenilinkoping@dom.se,www.hyresnamnden.se
HYRES OCH ARRENDENÄMNDEN I STOCKHOLM,hyresnamndenistockholm@dom.se,www.hyresnamnden.se
HYRES OCH ARRENDENÄMNDEN I SUNDSVALL,hyresnamndenisundsvall@dom.se,www.hyresnamnden.se
HYRES OCH ARRENDENÄMNDEN I UMEÅ,hyresnamndeniumea@dom.se,www.hyresnamnden.se
HYRES OCH ARRENDENÄMNDEN I VÄSTERÅS,hyresnamndenivasteras@dom.se,www.hyresnamnden.se
HYRES OCH ARRENDENÄMNEN I MALMÖ,hyresnamndenimalmo@dom.se,www.hyresnamnden.se
HÄSSLEHOLMS TINGSRÄTT,hassleholms.tingsratt@dom.se,www.hassleholmstingsratt.domstol.se
HÖGSTA DOMSTOLEN,hogsta.domstolen@dom.se,www.hogstadomstolen.se
HÖGSTA FÖRVALTNINGSDOMSTOLEN,hogstaforvaltningsdomstolen@dom.se,www.regeringsratten.se
JÖNKÖPINGS TINGSRÄTT,jonkopings.tingsratt@dom.se,www.jonkopingstingsratt.domstol.se
KALMAR TINGSRÄTT,kalmar.tingsratt@dom.se,www.kalmartingsratt.domstol.se
KAMMARRÄTTEN I GÖTEBORG,kammarratten.goteborg@dom.se,www.kammarratten.goteborg.se
KAMMARRÄTTEN I JÖNKÖPING,kammarrattenijonkoping@dom.se,www.kammarrattenijonkoping.domstol.se
KAMMARRÄTTEN I STOCKHOLM,kammarrattenistockholm@dom.se,www.kammarrattenistockholm.domstol.se
KAMMARRÄTTEN I SUNDSVALL,kammarrattenisundsvall@dom.se,www.kammarrattenisundsvall.se
KRISTIANSTADS TINGSRÄTT,kristianstads.tingsratt@dom.se,www.kristianstadstingsratt.domstol.se
LINKÖPINGS TINGSRÄTT,linkopings.tingsratt@dom.se,www.linkopingstingsratt.domstol.se
LULEÅ TINGSRÄTT,lulea.tingsratt@dom.se,www.domstol.se
LUNDS TINGSRÄTT,lunds.tingsratt@dom.se,www.lundstingsratt.domstol.se
LYCKSELE TINGSRÄTT,lycksele.tingsratt@dom.se,www.lyckseletingsratt.domstol.se
MALMÖ TINGSRÄTT,malmo.tingsratt@dom.se,www.malmotingsratt.domstol.se
MORA TINGSRÄTT,mora.tingsratt@dom.se,www.moratingsratt.domstol.se
NACKA TINGSRÄTT,nacka.tingsratt@dom.se,www.nackatingsratt.domstol.se
NORRKÖPINGS TINGSRÄTT,norrkopings.tingsratt@dom.se,www.norrkopingstingsratt.domstol.se
NORRTÄLJE TINGSRÄTT,norrtalje.tingsratt@dom.se,www.norrtaljetingsratt.domstol.se
NYKÖPINGS TINGSRÄTT,nykopings.tingsratt@dom.se,www.nykopingstingsratt.domstol.se
RÄTTSHJÄLPSMYNDIGHETEN,rattshalpsmyndigheten@dom.se,www.domstol.se
SKARABORGS TINGSRÄTT,skaraborgs.tingsratt@dom.se,www.domstol.se
SKELLEFTEÅ TINGSRÄTT,skelleftea.tingsratt@dom.se,www.skellefteatingsratt.domstol.se
SOLNA TINGSRÄTT,solna.tingsratt@dom.se,www.solnatingsratt.domstol.se
STOCKHOLMS TINGSRÄTT,stockholms.tingsratt.administrativa@dom.se,www.stockholmstingsratt.se
SUNDSVALLS TINGSRÄTT,sundsvalls.tingsratt@dom.se,www.sundsvallstingsratt.se
SVEA HOVRÄTT,svea.hovratt@dom.se,www.svea.se
SÖDERTÄLJE TINGSRÄTT,sodertalje.tingsratt@dom.se,www.domstol.se
SÖDERTÖRNS TINGSRÄTT,sodertorns.tingsratt@dom.se,www.sodertornstingsratt.domstol.se
UDDEVALLA TINGSRÄTT,uddevalla.tingsratt@dom.se,www.uddevallatingsratt.domstol.se
UMEÅ TINGSRÄTT,umea.tingsratt@dom.se,www.umeatingsratt.domstol.se
UPPSALA TINGSRÄTT,uppsala.tingsratt@dom.se,www.domstol.se
VARBERGS TINGSRÄTT,varbergs.tingsratt@dom.se,www.varbergstingsratt.domstol.se
VÄNERSBORGS TINGSRÄTT,vanersborgs.tingsratt@dom.se,www.vanersborgstingsratt.domstol.se
VÄRMLANDS TINGSRÄTT,varmlands.tingsratt@dom.se,www.varmlandstingsratt.domstol.se
VÄSTMANLANDS TINGSRÄTT,vastmanlands.tingsratt@dom.se,www.vastmanlandstingsratt.domstol.se
VÄXJÖ TINGSRÄTT,vaxjo.tingsratt@dom.se,www.domstol.se
YSTADS TINGSRÄTT,ystads.tingsratt@dom.se,www.domstol.se
ÅNGERMANLANDS TINGSRÄTT,angermanlands.tingsratt@dom.se,www.angermanlandstingsratt.domstol.se
ÖREBRO TINGSRÄTT,orebro.tingsratt@dom.se,www.orebrotingsratt.domstol.se
ÖSTERSUNDS TINGSRÄTT,ostersunds.tingsratt@dom.se,www.domstol.se
ALKOHOLSORTIMENTSNÄMNDEN,,www.kammarkollegiet.se/rattsavdelningen/alkoholsortimentsnamnden
ALLMÄNNA REKLAMATIONSNÄMNDEN,arn@arn.se,www.arn.se
ARBETSFÖRMEDLINGEN,,www.arbetsformedlingen.se
ARBETSGIVARVERKET,agv@arbetsgivarverket.se,www.arbetsgivarverket.se
ARBETSMILJÖVERKET (AV),arbetsmiljoverket@av.se,www.av.se
ARVFONDSDELEGATIONEN,,www.arvsfonden.se
BARNOMBUDSMANNEN,bo@bo.se,www.bo.se
BLEKINGE TEKNISKA HÖGSKOLA,registrator@bth.se,www.bth.se
BOKFÖRINGSNÄMNDEN,bfn@bfn.se,www.bfn.se
BOLAGSVERKET,bolagsverket@bolagsverket.se,www.bolagsverket.se
BOVERKET,registraturen@boverket.se,www.boverket.se
BROTTSFÖREBYGGANDE RÅDET,info@bra.se,www.bra.se
BROTTSOFFERMYNDIGHETEN,registrator@brottsoffermyndigheten.se,www.brottsoffermyndigheten.se
CENTRALA ETIKPRÖVNINGSNÄMNDEN,kansli@cepn.se,www.epn.se
CENTRALA STUDIESTÖDSNÄMNDEN,registrator@csn.se,www.csn.se
DATAINSPEKTIONEN,datainspektionen@datainspektionen.se,www.datainspektionen.se
DISKRIMINERINGSOMBUDSMANNEN,do@do.se,www.do.se
DOMARNÄMNDEN,domarnamnden@dom.se,www.domstol.se/Om-Sveriges-Domstolar/Domarnamnden
E-HÄLSOMYNDIGHETEN,registrator@ehalsomyndigheten.se,www.ehalsomyndigheten.se
EKOBROTTSMYNDIGHETEN,huvudregistrator@ekobrottsmyndigheten.se,www.ekobrottsmyndigheten.se
EKONOMISTYRNINGSVERKET,registrator@esv.se,www.esv.se
E-LEGITIMATIONSNÄMNDEN,kansliet@elegnamnden.se,www.elegnamnden.se
ELSÄKERHETSVERKET,registrator@elsakerhetsverket.se,www.elsakerhetsverket.se
ENERGIMARKNADSINSPEKTIONEN,registrator@ei.se,www.energimarknadsinspektionen.se
ERSÄTTNINGSNÄMNDEN,,www.ersattningsnamnden.se
EXPORTKREDITNÄMNDEN,info@ekn.se,www.ekn.se
FASTIGHETSMÄKLARINSPEKTIONEN,registrator@fmi.se,www.fmi.se
FIDEIKOMMISSNÄMNDEN,registratur@kammarkollegiet.se,www.kammarkollegiet.se/rattsavdelningen/fideikommissnamnden/fideikommissnamnden
FINANSINSPEKTIONEN,finansinspektionen@fi.se,www.fi.se
FINANSPOLITISKA RÅDET,info@finanspolitiskaradet.se,www.finanspolitiskaradet.se
FOLKE BERNADOTTEAKADEMIN,info@folkebernadotteacademy.se,www.folkebernadotteacademy.se
FOLKHÄLSOMYNDIGHETEN,info@folkhalsomyndigheten.se,www.folkhalsomyndigheten.se
FORSKARSKATTENÄMNDEN,kansliet@skatterattsnamnden.se,www.forskarskattenamnden.se
"FORSKINGSRÅDET FÖR HÄLSA, ARBETSLIV OCH VÄLFÄRD",fas@fas.se,www.fas.se
FORSKNINGSRÅDET F MILJÖ ARELLA NÄRINGAR OCH SAMH,info@formas.se,www.formas.se
FORTIFIKATIONSVERKET,fortv@fortv.se,www.fortv.se
FORUM FÖR LEVANDE HISTORIA,,www.levandehistoria.se
FÖRSVARETS MATERIELVERK,registrator@fmv.se,www.fmv.se
FÖRSVARETS RADIOANSTALT,fra@fra.se,www.fra.se
FÖRSVARSEXPORTMYNDIGHETEN,,www.fxm.se
FÖRSVARSHÖGSKOLAN,exp@fhs.se,www.fhs.se
FÖRSVARSMAKTEN,exp-hkv@mil.se,www.forsvarsmakten.se
FÖRSVARSUNDERRÄTTELSEDOMSTOLEN,,www.undom.se
FÖRSÄKRINGSKASSAN,fk-hk.stockholm@fk01.sfa.se,www.forsakringskassan.se
GENTEKNIKNÄMNDEN,genteknik@genteknik.se,www.genteknik.se
GIH,registrator@gih.se,www.gih.se
GÖTEBORGS UNIVERSITET,,www.gu.se
HARPSUNDSNÄMNDEN,per.rudengren@telia.com,www.harpsund.se 
HAVS- OCH VATTENMYNDIGHETEN,havochvatten@havochvatten.se,www.havochvatten.se
HÄLSO- & SJUKVÅRDENS ANSVARSNÄMND,,www.hsan.se
HÖGSKOLAN DALARNA,registrator@du.se,www.du.se
HÖGSKOLAN I BORÅS,registrator@hb.se,www.hb.se
HÖGSKOLAN I GÄVLE,registrator@hig.se,www.hig.se
HÖGSKOLAN I HALMSTAD,registrator@hh.se,www.hh.se
HÖGSKOLAN I KRISTIANSTAD,info@hkr.se,www.hkr.se
HÖGSKOLAN I SKÖVDE,info@his.se,www.his.se
HÖGSKOLAN VÄST,registrator@hv.se,www.hv.se
ILO-KOMMITTÉN,,www.ilo.org
INSPEKTIONEN FÖR ARBETSLÖSHETSFÖRSÄKRING,iaf@iaf.se,www.iaf.se
INSPEKTIONEN FÖR SOCIALFÖRSÄKRINGEN,registrator@inspsf.se,www.inspsf.se
INSPEKTIONEN FÖR STRATEGISKA PRODUKTER,isp@isp.se,www.isp.se
INSPEKTIONEN FÖR VÅRD OCH OMSORG,registrator@ivo.se,www.ivo.se
INSTITUTET FÖR ARBETSMARKNADS-OCH UTBILDNINGSPOLITISK UTVÄRDERING,ifau@ifau.uu.se,www.ifau.se
INSTITUTET FÖR RYMDFYSIK,irf@irf.se,www.irf.se
INSTITUTET FÖR SPRÅK OCH FOLKMINNEN,registrator@sofi.se,www.sofi.se
JUSTITIEKANSLERN,registrator@justiekanslern.se,www.justitiekanslern.se
KAMMARKOLLEGIET,registratur@kammarkollegiet.se,www.kammarkollegiet.se
KARLSTADS UNIVERSITET,information@kau.se,www.kau.se
KAROLINSKA INSTITUTET,info@ki.se,www.ki.se
KEMIKALIEINSPEKTIONEN,kemi@kemi.se,www.kemi.se
KOMMERSKOLLEGIUM,registrator@kommers.se,www.kommers.se
KONJUNKTURINSTITUTET,ki@konj.se,www.konj.se
KONKURRENSVERKET,konkurrensverket@kkv.se,www.konkurrensverket.se
KONSTFACK,registrator@konstfack.se,www.konstfack.se
KONSTNÄRSNÄMNDEN,info@konstnarsnamnden.se,www.konstnarsnamnden.se
KONSUMENTVERKET,konsumentverket@konsumentverket.se,www.konsumentverket.se
KRIMINALVÅRDEN,hk@kriminalvarden.se,www.kriminalvarden.se
KRONOFOGDEMYNDIGHETEN,kronofogdemyndigheten@kronofogden.se,www.kronofogden.se
KUNGLIGA BIBLIOTEKET,kungl.biblioteket@kb.se,www.kb.se
KUNGLIGA KONSTHÖGSKOLAN,info@kkh.se,www.kkh.se
KUNGLIGA MUSIKHÖGSKOLAN,info@kmh.se,www.kmh.se
KUNGLIGA TEKNISKA HÖGSKOLAN,registrator@kth.se,www.kth.se
KUSTBEVAKNINGEN,registrator@kustbevakningen.se,www.kustbevakningen.se
KÄRNAVFALLSFONDENS STYRELSE,karnavfallsfondens.styrelse@kammarkollegiet.se,www.karnavfallsfonden.se
LAGRÅDET,,www.lagradet.se
LANTMÄTERIET,lantmateriet@lm.se,www.lantmateriet.se
LINKÖPINGS UNIVERSITET,liu@liu.se,www.liu.se
LINNÉUNIVERSITETET,info@lnu.se,www.linneuniversitetet.se
LIVRUSTKAMMAREN OCH SKOKLOSTERS SLOTT MED STIFTELSEN HALLWYLSKA MUSEET,livrustkammaren@lsh.se,www.lsh.se
LIVSMEDELSVERKET,livsmedelsverket@slv.se,www.slv.se
LOTTERIINSPEKTIONEN,registrator@lotteriinspektionen.se,www.lotteriinspektionen.se
LULEÅ TEKNISKA UNIVERSITET,registrator@ltu.se,www.ltu.se
LUNDS UNIVERSITET,univer@luniver.lu.se,www.lu.se
LÄKEMEDELSVERKET,registrator@mpa.se,www.lakemedelsverket.se
LÄNSSTYRELSEN I BLEKINGE LÄN,blekinge@lansstyrelsen.se,www.lansstyrelsen.se/blekinge
LÄNSSTYRELSEN I DALARNAS LÄN,dalarna@lansstyrelsen.se,www.w.lst.se
LÄNSSTYRELSEN I GOTLANDS LÄN,gotland@lansstyrelsen.se,www.lansstyrelsen.se/gotland/
LÄNSSTYRELSEN I GÄVLEBORGS LÄN,gavleborg@lansstyrelsen.se,www.lansstyrelsen.se/gavleborg
LÄNSSTYRELSEN I HALLANDS LÄN,halland@lansstyrelsen.se,www.lansstyrelsen.se/halland
LÄNSSTYRELSEN I JÄMTLANDS LÄN,jamtland@lansstyrelsen.se,www.lansstyrelsen.se/jamtland
LÄNSSTYRELSEN I JÖNKÖPINGS LÄN,jonkoping@lansstyrelsen.se,www.lansstyrelsen.se/jonkoping
LÄNSSTYRELSEN I KALMAR LÄN,kalmar@lansstyrelsen.se,www.lansstyrelsen.se/kalmar
LÄNSSTYRELSEN I KRONOBERGS LÄN,kronoberg@lansstyrelsen.se,www.lansstyrelsen.se/kronoberg/
LÄNSSTYRELSEN I NORRBOTTENS LÄN,Norrbotten@lansstyrelsen.se,www.bd.lst.se
LÄNSSTYRELSEN I SKÅNE LÄN,skane@lansstyrelsen.se,www.lansstyrelsen.se/skane
LÄNSSTYRELSEN I STOCKHOLMS LÄN,stockholm@lansstyrelsen.se,www.ab.lst.se
LÄNSSTYRELSEN I SÖDERMANLANDS LÄN,sodermanland@lansstyrelsen.se,www.d.lst.se
LÄNSSTYRELSEN I UPPSALA LÄN,uppsala@lansstyrelsen.se,www.lansstyrelsen.se/uppsala
LÄNSSTYRELSEN I VÄRMLANDS LÄN,varmland@lansstyrelsen.se,www.lansstyrelsen.se/varmland
LÄNSSTYRELSEN I VÄSTERBOTTENS LÄN,vasterbotten@lanstyrelsen.se,www.ac.lst.se
LÄNSSTYRELSEN I VÄSTERNORRLANDS LÄN,vasternorrland@lansstyrelsen.se,www.y.lst.se
LÄNSSTYRELSEN I VÄSTMANLANDS LÄN,vastmanland@lansstyrelsen.se,www.lansstyrelsen.se/vastmanland
LÄNSSTYRELSEN I VÄSTRA GÖTALANDS LÄN,vastragotaland@lansstyrelsen.se,www.lansstyrelsen.se/vastragotaland
LÄNSSTYRELSEN I ÖREBRO LÄN,orebro@lansstyrelsen.se,www.lansstyrelsen.se/orebro
LÄNSSTYRELSEN I ÖSTERGÖTLANDS LÄN,ostergotland@lansstyrelsen.se,www.lansstyrelsen.se/ostergotland
MALMÖ HÖGSKOLA,info@mah.se,www.mah.se
MEDLINGSINSTITUTET,info@mi.se,www.mi.se
MIGRATIONSVERKET,migrationsverket@migrationsverket.se,www.migrationsverket.se
MITTUNIVERSITETET,registrator@miun.se,www.miun.se
MODERNA MUSEET,info@modernamuseet.se,www.modernamuseet.se
MYNDIGHETEN FÖR HANDIKAPPOLITISK SAMORDNING,info@handisam.se,www.handisam.se
MYNDIGHETEN FÖR INTERNATIONELLA ADOPTIONSFRÅGOR (MIA),,www.mia.eu
MYNDIGHETEN FÖR KULTURANALYS,,www.kulturanalys.se
MYNDIGHETEN FÖR RADIO OCH TV,registrator@radioochtv.se,www.radioochtv.se
MYNDIGHETEN FÖR SAMHÄLLSSKYDD OCH BEREDSKAP (MSB),registrator@msb.se,www.msb.se
MYNDIGHETEN FÖR TILLGÄNGLIGA MEDIER,info@tpb.se,www.tpb.se
MYNDIGHETEN FÖR TILLVÄXTPOLITISKA UTVÄRDERINGAR OCH ANALYSER,info@tillvaxtanalys.se,www.tillvaxtanalys.se
MYNDIGHETEN FÖR VÅRDANALYS,,www.vardanalys.se
MYNDIGHETEN FÖR YRKESHÖGSKOLAN,info@myh.se,www.yhmyndigheten.se
MÄLARDALENS HÖGSKOLA,info@mdh.se,www.mdh.se
NATIONALMUSEUM MED PRINS EUGENS WALDEMARSUDDE,registrator@nationalmuseum.se,www.nationalmuseum.se
NATURHISTORISKA RIKSMUSEET,myndigheten@nrm.se,www.nrm.se
NATURVÅRDSVERKET,registrator@naturvardsverket.se,www.naturvardsverket.se
NORDISKA AFRIKAINSTITUTET,nai@nai.uu.se,www.nai.uu.se
NOTARIENÄMNDEN,domstolsverket@dom.se,http://www.domstol.se/templates/DV_InfoPage.aspx?id=3805
NÄMNDEN FÖR HEMSLÖJDSFRÅGOR,,www.nfh.se
NÄMNDEN FÖR STATLIGT STÖD TILL TROSSAMFUND (SST),,www.sst.a.se
NÄMNDEN MOT DISKRIMINERING,kansliet@namndenmotdiskriminering.se,www.namndenmotdiskriminering.se
PATENT- OCH REGISTRERINGSVERKET,prv@prv.se,www.prv.se
PENSIONSMYNDIGHETEN,registrator@ppm.nu,www.pensionsmyndigheten.se
POLARFORSKNINGSSEKRETARIATET,office@polar.se,www.polar.se
POST- OCH TELESTYRELSEN,pts@pts.se,www.pts.se
PRESSTÖDSNÄMNDEN,registrator@presstodsnamnden.se,www.presstodsnamnden.se
REGERINGSKANSLIET,registrator@primeminister.ministry.se,www.regeringen.se
REGIONALA ETIKPRÖVNINGSNÄMNDEN I GÖTEBORG,,www.epn.se/goeteborg/om-naemnden/
REGIONALA ETIKPRÖVNINGSNÄMNDEN I LINKÖPING,registrator@linkoping.epn.se,www.epn.se/linkoeping/om-naemnden/
REGIONALA ETIKPRÖVNINGSNÄMNDEN I LUND,registrator@epn.lu.se,www.epn.se/lund/om-naemnden/
REGIONALA ETIKPRÖVNINGSNÄMNDEN I STOCKHOLM,,www.epn.se/stockholm/om-naemnden/
REGIONALA ETIKPRÖVNINGSNÄMNDEN I UMEÅ,,www.epn.se/umeaa/om-naemnden/
REGIONALA ETIKPRÖVNINGSNÄMNDEN I UPPSALA,registrator@uppsala.epn.se,www.epn.se/uppsala/om-naemnden/
REVISORSNÄMNDEN,rn@revisorsnamnden.se,www.revisorsnamnden.se
RIKSANTIKVARIEÄMBETET,riksant@raa.se,www.raa.se
RIKSARKIVET,riksarkivet@riksarkivet.se,www.riksarkivet.se
RIKSGÄLDSKONTORET,riksgalden@riksgalden,www.riksgalden.se
RIKSUTSTÄLLNINGAR,ru@riksutstallningar.se,www.riksutstallningar.se
RYMDSTYRELSEN,rymdstyrelsen@snsb.se,www.rymdstyrelsen.se
RÄTTSHJÄLPNÄMNDEN,rattshjalpsnamnden@dom.se, www.domstol.se/rattshjalpsnamnden 
RÄTTSHJÄLPSMYNDIGHETEN,rattshjalpsmyndigheten@dom.se,www.rattshjalp.se
RÄTTSMEDICINALVERKET,rmv@rmv.se,www.rmv.se
SAMESKOLSTYRELSEN,sameskolstyrelsen@sameskolstyrelsen.se,www.sameskolstyrelsen.se
SAMETINGET,kansli@sametinget.se,www.sametinget.se
SIDA,sida@sida.se,www.sida.se
SKATTERÄTTSNÄMNDEN,kansliet@skatterattsnamnden.se,www.skatterattsnamnden.se
SKATTEVERKET,,www.skatteverket.se
SKILJENÄMNDEN I VISSA TRYGGHETSFRÅGOR,registratur@kammarkollegiet.se,http://www.kammarkollegiet.se/kammarkollegiet/vi-arbetar-ocksa-med/naemndmyndigheter/skiljenaemnden-i-vissa-trygghetsfragor
SKOGSSTYRELSEN,,www.svo.se
SKOLVÄSENDETS ÖVERKLAGANDENÄMND,overklagandenamnden@skolinspektionen.se,www.overklagandenamnden.se
SOCIALSTYRELSEN,socialstyrelsen@socialstyrelsen.se,www.socialstyrelsen.se
SPECIALPEDAGOGISKA SKOLMYNDIGHETEN,spsm@spsm.se,www.spsm.se
STATENS ANSVARSNÄMND,ansvarsnamnden@dom.se,www.statensansvarsnamnd.se
STATENS BEREDNING FÖR MEDICINSK UTVÄRDERING,info@sbu.se,www.sbu.se
STATENS CENTRUM FÖR ARKITEKTUR OCH DESIGN,info@arkitekturmuseet.se,www.arkitekturmuseet.se
STATENS ENERGIMYNDIGHET,registrator@energimyndigheten.se,www.energimyndigheten.se
STATENS FASTIGHETSVERK,sfv@sfv.se,www.sfv.se
STATENS FÖRSVARSHISTORISKA MUSEER,info@sfhm.se,www.sfhm.se
STATENS GEOTEKNISKA INSTITUT,sgi@swedgeo.se,www.swedgeo.se
STATENS HAVERIKOMMISSION,info@havkom.se,www.havkom.se
STATENS HISTORISKA MUSEER,registrator@historiska.se,www.historiska.se
STATENS INSPEKTION FÖR FÖRSVARSUNDERRÄTTELSEVERKSAMHETEN (SIUN),registrator@siun.se,www.siun.se
STATENS INSTITUTIONSSTYRELSE,registrator@stat-inst.se,www.stat-inst.se
STATENS JORDBRUKSVERK,jordbruksverket@jordbruksverket.se,www.sjv.se
STATENS KONSTRÅD,info@statenskonstrad.se,www.statenskonstrad.se
STATENS KULTURRÅD,kulturradet@kulturradet.se,www.kulturradet.se
STATENS MARITIMA MUSEER,registrator@maritima.se,www.maritima.se
STATENS MEDIERÅD,registrator@statensmedierad.se,www.statensmedierad.se
STATENS MUSEER FÖR VÄRLDSKULTUR,info@varldskulturmuseerna.se,www.smvk.se
STATENS MUSIKVERK,registrator@musikverk.se,www.smus.se
STATENS PERSONADRESSREGISTERNÄMND,,www.statenspersonadressregister.se
STATENS SERVICECENTER,registrator@statenssc.se,www.statenssc.se
STATENS SKADEREGLERINGSNÄMND,,www.kammarkollegiet.se/kammarkollegiet/vi-arbetar-ocksa-med/naemndmyndigheter/statens-skaderegleringsnaemnd
STATENS SKOLINSPEKTION,skolinspektionen@skolinspektionen.se,www.skolinspektionen.se
STATENS SKOLVERK,skolverket@skolverket.se,www.skolverket.se
STATENS TJÄNSTEPENSIONSVERK,spv@spv.se,www.spv.se
STATENS VA-NÄMND,kansli@va-namnden.se,www.va-namnden.se
STATENS VETERINÄRMEDICINSKA ANSTALT,sva@sva.se,www.sva.se
STATENS VÄG- OCH TRANSPORTFORSKNINGSINSTITUT,vti@vti.se,www.vti.se
STATENS ÖVERKLAGANDENÄMND,registratur@kammarkollegiet.se,www.kammarkollegiet.se/statens-oeverklagandenaemnd
STATISTISKA CENTRALBYRÅN,scb@scb.se,www.scb.se
STATSKONTORET,registrator@statskontoret.se,www.statskontoret.se
STOCKHOLMS KONSTNÄRLIGA HÖGSKOLA,info@uniarts.se,www.uniarts.se
STOCKHOLMS UNIVERSITET,registrator@su.se,www.su.se
STRÅLSÄKERHETSMYNDIGHETEN,registrator@ssm.se,www.stralsakerhetsmyndigheten.se 
STYRELSEN FÖR ACKREDITERING OCH TEKNISK KONTROLL,registrator@swedac.se,www.swedac.se
SVENSKA ESF-RÅDET,centrala-enheten@esf.se,www.esf.se
SVENSKA INSTITUTET,si@si.se,www.si.se
SVENSKA INSTITUTET FÖR EUROPAPOLITISKA STUDIER,info@sieps.se,www.sieps.se
SVERIGES FÖRFATTARFOND,svff@svff.se,www.svff.se
SVERIGES GEOLOGISKA UNDERSÖKNING,sgu@sgu.se,www.sgu.se
SVERIGES LANTBRUKSUNIVERSITET,registrator@slu.se,www.slu.se
SVERIGES METEOROLOGISKA O HYDROLOGISKA INSTITUT,smhi@smhi.se,www.smhi.se
SÄKERHETS- OCH INTEGRITETSSKYDDSNÄMNDEN,sakint@sakint.se,www.sakint.se
SÖDERTÖRNS HÖGSKOLA,registrator@sh.se,webappl.web.sh.se
"TANDVÅRDS-OCH LÄKEMEDELSFÖRMÅNSVERKE T,TLV",registrator@tlv.se,www.lfn.se
TILLVÄXTVERKET,tillvaxtverket@tillvaxtverket.se,www.tillvaxtverket.se
"TOTALFÖRSVARETS FORSKNINGSINSTITUT, FOI",registrator@foi.se,www.foi.se
TOTALFÖRSVARETS REKRYTERINGSMYNDIGHET,exp@rekryteringsmyndigheten.se,www.pliktverket.se
TRAFIKANALYS,trafikanalys@trafa.se,www.trafa.se
TRAFIKVERKET,trafikverket@trafikverket.se,www.trafikverket.se
TRANSPORTSTYRELSEN,kontakt@transportstyrelsen.se,www.transportstyrelsen.se
TULLVERKET,tullverket@tullverket.se,www.tullverket.se
UMEÅ UNIVERSITET,umea.universitet@umea.se,www.umu.se
UNGDOMSSTYRELSEN,info@ungdomsstyrelsen.se,www.ungdomsstyrelsen.se
UNIVERSITETSKANSLERSÄMBETET,,www.uk-ambetet.se/
UNIVERSITETS-OCH HÖGSKOLERÅDET,,www.uhr.se
UPPSALA UNIVERSITET,registrator@uu.se,www.uu.se
VALMYNDIGHETEN,valet@val.se,www.val.se
VERKET FÖR INNOVATIONSSYSTEM,vinnova@vinnova.se,www.vinnova.se
VETENSKAPSRÅDET,vetenskapsradet@vr.se,www.vr.se
ÅKLAGARMYNDIGHETEN,registrator@aklagare.se,www.aklagare.se
ÖREBRO UNIVERSITET,registrator@oru.se,www.oru.se
ÖVERKLAGANDENÄMNDEN FÖR HÖGSKOLAN,,www.onh.se
ÖVERKLAGANDENÄMNDEN FÖR NÄMNDEMANNAUPPDRAG,overklagandenamnden@dom.se,www.domstol.se/templates/DV_Page.aspx?id=4073
ÖVERKLAGANDENÄMNDEN FÖR STUDIESTÖD,registrator@oks.se,www.oks.se
RIKSDAGENS OMBUDSMÄN,justitieombudsmannen@jo.se,www.jo.se
RIKSDAGSFÖRVALTNINGEN,riksdagsforvaltningen@riksdagen.se,www.riksdagen.se
RIKSREVISIONEN,registrator@riksrevisionen.se,www.riksrevisionen.se
SVERIGES RIKSBANK,registratorn@riksbank.se,www.riksbank.se
RIKSPOLISSTYRELSEN,rikspolisstyrelsen@polisen.se,www.polisen.se
LÄNSPOLISMÄSTAREN M M,polismyndigheten.stockholm@polisen.se,www.polisen.se
POLISEN SUNDSVALL,polismyndigheten.vasternorrland@polisen.se,www.polisen.se/vasternorrland
POLISMYNDIGHETEN BLEKINGE LÄN,polismyndigheten.blekinge@polisen.se,www.polisen.se/blekinge
POLISMYNDIGHETEN DALARNA,polismyndigheten.dalarna@polisen.se,www.polisen.se/dalarna
POLISMYNDIGHETEN GOTLAND,polismyndigheten.gotland@polisen.se,www.polisen.se/Gotlands_lan
POLISMYNDIGHETEN GÄVLEBORGS LÄN,polismyndigheten.gavleborg@polisen.se,www.polisen.se/Gavleborg
POLISMYNDIGHETEN HALLANDS LÄN,halmstad.halland@polisen.se,www.polisen.se/halland
POLISMYNDIGHETEN JÄMTLAND,polismyndigheten.jamtland@polisen.se,www.polisen.se/jamtland
POLISMYNDIGHETEN JÖNKÖPINGS LÄN,polismyndigheten.jonkoping@polisen.se,www.polisen.se/jonkoping
POLISMYNDIGHETEN KALMAR LÄN,polismyndigheten.kalmar@polisen.se,www.polisen.se/kalmar
POLISMYNDIGHETEN KRONOBERGS LÄN,polismyndigheten.kronoberg@polisen.se,www.polisen.se/kronoberg
POLISMYNDIGHETEN NORRBOTTEN,polismyndigheten.norrbotten@polisen.se,www.polisen.se/norrbotten
"POLISMYNDIGHETEN SKÅNE, EKOBROTTSKANSLIET MALMÖ",polismyndigheten.skane@polisen.se,www.polisen.se/skane
POLISMYNDIGHETEN SÖDERMANLANDS LÄN,polismyndigheten.sodermanland@polisen.se,www.polisen.se/sodermanland
POLISMYNDIGHETEN UPPSALA LÄN,polismyndigheten.uppsala@polisen.se,www.polisen.se/uppsala
POLISMYNDIGHETEN VÄRMLAND,polismyndigheten.varmland@polisen.se,www.polisen.se/varmland
POLISMYNDIGHETEN VÄSTERBOTTENS LÄN,polismyndigheten.vasterbotten@polisen.se,www.polisen.se/vasterbotten
POLISMYNDIGHETEN VÄSTMANLANDS LÄN ÖVERFLYTTAD TI,polismyndigheten.vastmanland@polisen.se,www.polisen.se/vastmanland
"POLISMYNDIGHETEN VÄSTRA GÖTALAND, EKOBROTTSKANSL",polismyndigheten.vastragotaland@polisen.se,www.polisen.se/Vastra_Gotaland/
POLISMYNDIGHETEN ÖREBRO LÄN,polismyndigheten.orebro@polisen.se,www.polisen.se/Orebro_lan
POLISMYNDIGHETEN ÖSTERGÖTLANDS LÄN,polismyndigheten.ostergotland@polisen.se,www.polisen.se/ostergotland
STATENS KRIMINALTEKNISKA LABORATORIUM,skl@skl.polisen.se,www.skl.polisen.se